{
    "meta": {
        "num_tuples": 9902,
        "num_attributes": 8,
        "num_attributes_in_BN": 7,
        "all_attributes": [
            "Time in A&E (mins)",
            "Treatment",
            "Gender",
            "Index of Multiple Deprivation Decile",
            "Hospital ID",
            "Arrival Date",
            "Arrival hour range",
            "Age bracket"
        ],
        "candidate_keys": [
            "Time in A&E (mins)"
        ],
        "non_categorical_string_attributes": [],
        "attributes_in_BN": [
            "Index of Multiple Deprivation Decile",
            "Gender",
            "Arrival hour range",
            "Hospital ID",
            "Age bracket",
            "Arrival Date",
            "Treatment"
        ]
    },
    "attribute_description": {
        "Time in A&E (mins)": {
            "name": "Time in A&E (mins)",
            "data_type": "Integer",
            "is_categorical": false,
            "is_candidate_key": true,
            "min": -40,
            "max": 42,
            "missing_rate": 0.0,
            "distribution_bins": [
                -40.0,
                -35.9,
                -31.8,
                -27.700000000000003,
                -23.6,
                -19.5,
                -15.400000000000002,
                -11.300000000000004,
                -7.200000000000003,
                -3.1000000000000014,
                1.0,
                5.099999999999994,
                9.199999999999996,
                13.299999999999997,
                17.39999999999999,
                21.499999999999993,
                25.599999999999994,
                29.69999999999999,
                33.8,
                37.89999999999999
            ],
            "distribution_probabilities": [
                0.0006959510211637259,
                0.004006316044578828,
                0.002526720675321045,
                0.0023796194323935102,
                0.005363203881207893,
                0.021891283556995083,
                0.041205390037732305,
                0.08529231954738765,
                0.13043879873327424,
                0.1403065373592618,
                0.16362271974378206,
                0.14202396742527135,
                0.11405527404998526,
                0.08386215230728668,
                0.02782349500295151,
                0.007813789468955714,
                0.0,
                0.010898729564637076,
                0.0063766194899814235,
                0.009417112657832741
            ]
        },
        "Treatment": {
            "name": "Treatment",
            "data_type": "String",
            "is_categorical": true,
            "is_candidate_key": false,
            "min": 3,
            "max": 44,
            "missing_rate": 0.0,
            "distribution_bins": [
                "Anaesthesia",
                "Arterial line",
                "Bandage/support",
                "Blood product transfusion",
                "Burns review",
                "Central line",
                "Chest drain",
                "Defibrillation/pacing",
                "Dental treatment",
                "Dressing",
                "Dressing/wound review",
                "Eye",
                "Fracture review",
                "Guidance/advice only",
                "Incision & drainage",
                "Infusion fluids",
                "Joint aspiration",
                "Lumbar puncture",
                "Minor surgery",
                "Nasal airway",
                "Nebuliser/spacer",
                "None (consider guidance/advice option)",
                "Occupational Therapy",
                "Oral airway",
                "Other (consider alternatives)",
                "Physiotherapy",
                "Plaster of Paris",
                "Prescription/medicines prepared to take away",
                "Recording vital signs",
                "Removal foreign body",
                "Resuscitation/cardiopulmonary resuscitation",
                "Sling/collar cuff/broad arm sling",
                "Social work intervention",
                "Splint",
                "Sutures",
                "Tetanus",
                "Urinary catheter/suprapubic",
                "Wound cleaning",
                "Wound closure (excluding sutures)"
            ],
            "distribution_probabilities": [
                0.07702286043296318,
                0.013813042467242012,
                0.04302725686290265,
                0.032129771553018424,
                0.00421746623346711,
                0.016331566151762254,
                0.011378318880778383,
                0.04039194762567247,
                0.030475409749903322,
                0.005801915555455087,
                0.015475917924732806,
                0.03614004761121236,
                0.03853672123496127,
                0.030292585914246016,
                0.0,
                0.04426864039694389,
                0.03725352949772668,
                0.00838203670868094,
                0.022239092749082427,
                0.004272725996834893,
                0.05320026149985631,
                0.0013605844914870002,
                0.024871854039372494,
                0.009904772457825003,
                0.042327370535749934,
                0.027679052292491145,
                0.0007417613180147721,
                0.03728908575722788,
                0.008292310937969213,
                0.018309896190003713,
                0.029619854479814137,
                0.004391910879114293,
                0.05173580599681078,
                0.03484726397236739,
                0.0039981732161292974,
                0.044973471341386316,
                0.04916022872797858,
                0.021183079729946,
                0.024662408588869478
            ]
        },
        "Gender": {
            "name": "Gender",
            "data_type": "String",
            "is_categorical": true,
            "is_candidate_key": false,
            "min": 4,
            "max": 6,
            "missing_rate": 0.0,
            "distribution_bins": [
                "Female",
                "Male"
            ],
            "distribution_probabilities": [
                0.49816376993473255,
                0.5018362300652675
            ]
        },
        "Index of Multiple Deprivation Decile": {
            "name": "Index of Multiple Deprivation Decile",
            "data_type": "Integer",
            "is_categorical": false,
            "is_candidate_key": false,
            "min": 1,
            "max": 10,
            "missing_rate": 0.0,
            "distribution_bins": [
                1.0,
                1.45,
                1.9,
                2.35,
                2.8,
                3.25,
                3.7,
                4.15,
                4.6,
                5.05,
                5.5,
                5.95,
                6.4,
                6.8500000000000005,
                7.3,
                7.75,
                8.2,
                8.65,
                9.1,
                9.55
            ],
            "distribution_probabilities": [
                0.08280654612107603,
                0.002620728107280551,
                0.10754403319483491,
                0.0,
                0.08284965092842629,
                0.007180025735135569,
                0.11007065259663258,
                0.007875442379101353,
                0.07464862449592205,
                0.02136064973530524,
                0.0,
                0.13389003212951828,
                0.0016449673709283891,
                0.10580641102809372,
                0.0,
                0.12033904175719362,
                0.0,
                0.07412759107444264,
                0.0,
                0.06723560334610867
            ]
        },
        "Hospital ID": {
            "name": "Hospital ID",
            "data_type": "String",
            "is_categorical": true,